context,rate
ACA,0.0361242716949
ACC,0.0173621878324
ACG,0.0165434595144
ACT,0.0303476735707
ATA,0.0414154818972
ATC,0.0328073664244
ATG,0.033984016134
ATT,0.0716807134055
CCA,0.0255314689357
CCC,0.0114331310003
CCG,0.0132423333668
CCT,0.0171867029126
CTA,0.0208506846398
CTC,0.0245528035306
CTG,0.0241711363581
CTT,0.0360851708227
GCA,0.0229750711317
GCC,0.0130291353152
GCG,0.0108303505159
GCT,0.0202779718651
GTA,0.0224649865696
GTC,0.0181440253835
GTG,0.0226236130128
GTT,0.0373751526691
TCA,0.0442334045291
TCC,0.0255196217441
TCG,0.0221712353245
TCT,0.0375623691356
TTA,0.0426174964183
TTC,0.0541316688911
TTG,0.0484512231911
TTT,0.104274072263
